{
  "metadata": {
    "name": "GocTruyenTranhVui17",
    "author": "JustaTama",
    "version": 1,
    "source": "https://goctruyentranhvui17.com",
    "regexp": "(www\\.|m\\.)?goctruyentranhvui17\\.com",
    "description": "Đọc truyện từ GocTruyenTranhVui17",
    "locale": "vi_VN",
    "language": "javascript",
    "type": "comic",
    "tag": "nsfw"
  },
  "script": {
    "home": "function execute() {\n    return Response.success([\n        {\n            title: \"Mới cập nhật\",\n            script: \"gen.js\",\n            input: \"/page/1\"\n        },\n        {\n            title: \"Thể loại\",\n            script: \"genre.js\",\n            input: \"\"\n        },\n        {\n            title: \"Tìm kiếm\",\n            script: \"search.js\",\n            input: \"\"\n        }\n    ]);\n}",
    "genre.js": "function execute() {\n    const doc = Http.get(\"https://goctruyentranhvui17.com/the-loai\").html();\n    const genres = [];\n    \n    doc.select(\".genres-wrapper .genresv li\").forEach(e => {\n        const link = e.select(\"a\").first().attr(\"href\");\n        const name = e.select(\"a\").first().text();\n        \n        genres.push({\n            title: name,\n            input: link,\n            script: \"gen.js\"\n        });\n    });\n    \n    return Response.success(genres);\n}",
    "gen.js": "function execute(url) {\n    if (!url.startsWith('http')) {\n        url = 'https://goctruyentranhvui17.com' + url;\n    }\n    \n    const doc = Http.get(url).html();\n    const el = doc.select(\".col-md-3.comic-item\");\n    const data = [];\n    \n    for (var i = 0; i < el.size(); i++) {\n        var e = el.get(i);\n        data.push({\n            name: e.select(\".comic-title\").first().text(),\n            link: e.select(\"a\").first().attr(\"href\"),\n            cover: e.select(\"img\").first().attr(\"data-src\"),\n            description: e.select(\".chapter-title\").first().text(),\n            host: \"https://goctruyentranhvui17.com\"\n        });\n    }\n    \n    var next = doc.select(\".paging a.current + a\").attr(\"href\");\n    \n    return Response.success(data, next);\n}",
    "detail.js": "function execute(url) {\n    const doc = Http.get(url).html();\n    \n    return Response.success({\n        name: doc.select(\".comic-info h1\").text(),\n        cover: doc.select(\".book-thumbnail img\").attr(\"data-src\"),\n        author: doc.select(\".comic-info .author\").text().replace(\"Tác giả: \", \"\"),\n        description: doc.select(\".comic-description\").text(),\n        detail: doc.select(\".comic-info .comic-detail\").text(),\n        ongoing: doc.select(\".comic-info .status\").text().indexOf(\"Đang cập nhật\") >= 0,\n        host: \"https://goctruyentranhvui17.com\",\n        genres: doc.select(\".comic-info .genres a\").map(e => e.text()).join(\", \")\n    });\n}",
    "toc.js": "function execute(url) {\n    const doc = Http.get(url).html();\n    const el = doc.select(\".list-chapters li\");\n    const data = [];\n    \n    for (var i = 0; i < el.size(); i++) {\n        var e = el.get(i);\n        data.push({\n            name: e.select(\"a\").text(),\n            url: e.select(\"a\").attr(\"href\"),\n            host: \"https://goctruyentranhvui17.com\"\n        });\n    }\n    \n    return Response.success(data);\n}",
    "chap.js": "function execute(url) {\n    var doc = Http.get(url).html();\n    \n    // Lấy danh sách ảnh từ các thẻ img trong chapter-content\n    var imgs = doc.select(\".chapter-content img\");\n    var data = [];\n    \n    for (var i = 0; i < imgs.size(); i++) {\n        var img = imgs.get(i);\n        var imgUrl = img.attr(\"data-src\");\n        \n        if (imgUrl) {\n            // Loại bỏ các tham số query nếu cần\n            if (imgUrl.indexOf(\"?\") > 0) {\n                imgUrl = imgUrl.split(\"?\")[0];\n            }\n            \n            data.push(imgUrl);\n        }\n    }\n    \n    return Response.success(data);\n}",
    "search.js": "function execute(key) {\n    const url = `https://goctruyentranhvui17.com/tim-truyen?q=${key}`;\n    const doc = Http.get(url).html();\n    const el = doc.select(\".col-md-3.comic-item\");\n    const data = [];\n    \n    for (var i = 0; i < el.size(); i++) {\n        var e = el.get(i);\n        data.push({\n            name: e.select(\".comic-title\").first().text(),\n            link: e.select(\"a\").first().attr(\"href\"),\n            cover: e.select(\"img\").first().attr(\"data-src\"),\n            description: e.select(\".chapter-title\").first().text(),\n            host: \"https://goctruyentranhvui17.com\"\n        });\n    }\n    \n    var next = doc.select(\".paging a.current + a\").attr(\"href\");\n    \n    return Response.success(data, next);\n}"
  }
}