{
  "metadata": {
    "name": "Góc Truyện Tranh Vui",
    "author": "Nhocconsr",
    "version": 1,
    "source": "https://goctruyentranhvui17.com",
    "regexp": "(www\\.)?goctruyentranhvui17\\.com/truyen/[0-9a-z-]+",
    "description": "Đọc truyện tranh tại Góc Truyện Tranh Vui",
    "locale": "vi-VN",
    "language": "javascript",
    "type": "comic"
  },
  "script": {
    "home": "home.js",
    "detail": "detail.js",
    "search": "search.js",
    "genre": "genre.js",
    "toc": "toc.js",
    "chap": "chap.js"
  }
}
