{
    "metadata": {
        "name": "Góc Truyện TranhTranh",
        "author": "vBook",
        "version": 13,
        "source": "https://goctruyentranhvui17.com/trang-chu",
        "regexp": "https?://(www\\.)?goctruyentranhvui17\\.com/truyen-tranh/[^/]+/?$",
        "description": "Đọc truyện trên trang https://goctruyentranhvui17.com/trang-chu",
        "locale": "vi_VN",
        "type": "comic",
        "language": "javascript"
    },
    "script": {
        "home": "home.js",
        "genre": "genre.js",
        "search": "search.js",
        "detail": "detail.js",
        "toc": "toc.js",
        "chap": "chap.js"
    }
}