{
    "metadata": {
      "name": "Góc Truyện TranhTranh",
      "author": "vBook",
      "version": 1,
      "source": "https://goctruyentranhvui17.com/trang-chu",
      "regexp": "(www.)?goctruyentranhvui17.com/truyen/[^/]+/?$",
      "description": "Đọc truyện trên trang Góc Truyện TranhTranh",
      "locale": "vi_VN",
      "language": "javascript",
      "type": "comic"
    },
    "script": {
      "home": "home.js",
      "genre": "genre.js",
      "detail": "detail.js",
      "search": "search.js",
      "toc": "toc.js",
      "chap": "chap.js"
    }
  }